ddg_full,ddg_norep,binder_chain,n_target_chains,full_name,target,pKd,kd_nM,ipsae,sc_dockq,binder_length
-94.13088989257812,-94.13088989257812,B,1,mythos_preview_multi_target_bhrf1_rank07,BHRF1,7.836551737034492,14.5696212806045,0.947482168674469,0.93311,82
-77.29974365234375,-77.29974365234375,B,1,mythos_preview_multi_target_bhrf1_rank08,BHRF1,8.306970945032477,4.932067991431914,0.9411762356758118,0.93104,111
-84.24240112304688,-84.24240112304688,B,1,mythos_preview_multi_target_bhrf1_rank09,BHRF1,9.631403678647631,0.23366642891095846,0.9349433183670044,0.88242,86
-90.0958251953125,-90.0958251953125,B,1,mythos_preview_multi_target_bhrf1_rank11,BHRF1,8.913643327731133,1.2199911275843365,0.937083899974823,0.95696,111
-84.79562377929688,-84.79562377929688,B,1,mythos_preview_multi_target_bhrf1_rank12,BHRF1,8.14849058200845,7.104105756056808,0.9315342307090759,0.89724,86
-72.5921630859375,-72.5921630859375,B,1,mythos_preview_multi_target_bhrf1_rank13,BHRF1,7.226352707245377,59.38097070410163,0.9499892592430115,0.93337,72
-81.77261352539062,-81.77261352539062,B,1,mythos_preview_multi_target_bhrf1_rank21,BHRF1,7.056260024907677,87.84963776630254,0.9374573826789856,0.85428,60
-69.64460754394531,-69.64460754394531,B,1,mythos_preview_multi_target_bhrf1_rank27,BHRF1,9.035290537142854,0.9219544457292888,0.9285086989402771,0.84067,75
-50.33148193359375,-50.33148193359375,B,1,mythos_preview_multi_target_egfr_rank04,EGFR,6.485869093520423,326.68628819493335,0.756886899471283,0.10627,90
-49.04669189453125,-49.04669189453125,B,1,mythos_preview_multi_target_egfr_rank06,EGFR,5.815372543530888,1529.774637835877,0.7183728218078613,0.11068,90
-61.4921875,-61.4921875,B,1,mythos_preview_multi_target_il7ra_rank01,IL-7Ra,6.6383812554949175,229.94223298281406,0.9074990153312683,0.96503,85
-57.98321533203125,-57.98321533203125,B,1,mythos_preview_multi_target_il7ra_rank02,IL-7Ra,5.873687823854772,1337.5566230139664,0.9171172380447388,0.96286,85
-49.035400390625,-49.035400390625,B,1,mythos_preview_multi_target_il7ra_rank03,IL-7Ra,5.861411827540412,1375.904124292713,0.9128431677818298,0.90256,75
-68.82672119140625,-68.82672119140625,B,1,mythos_preview_multi_target_il7ra_rank05,IL-7Ra,7.614759272370305,24.279555278410367,0.914065420627594,0.88815,85
-69.0697021484375,-69.0697021484375,B,1,mythos_preview_multi_target_il7ra_rank06,IL-7Ra,7.121479968960261,75.59969285122988,0.9103554487228394,0.96354,85
-53.7166748046875,-53.7166748046875,B,1,mythos_preview_multi_target_il7ra_rank07,IL-7Ra,6.4265121275673085,374.5310882009318,0.907062828540802,0.94788,88
-55.53192138671875,-55.53192138671875,B,1,mythos_preview_multi_target_il7ra_rank08,IL-7Ra,6.987701752184374,102.87225215091354,0.8794516324996948,0.95049,88
-84.86737060546875,-84.86737060546875,B,1,mythos_preview_multi_target_il7ra_rank12,IL-7Ra,7.8570184366994225,13.898936261004472,0.8915884494781494,0.86759,85
-54.20269775390625,-54.20269775390625,B,1,mythos_preview_multi_target_il7ra_rank16,IL-7Ra,5.892790030352131,1280.0,0.9008311629295349,0.84477,95
-81.7818603515625,-81.7818603515625,B,1,mythos_preview_multi_target_il7ra_rank19,IL-7Ra,7.07728361367928,83.69825166772067,0.9058908224105835,0.96012,85
-54.385986328125,-54.385986328125,B,1,mythos_preview_multi_target_il7ra_rank20,IL-7Ra,6.863805816501477,136.83405067574154,0.8952455520629883,0.94957,85
-56.41119384765625,-56.41119384765625,B,1,mythos_preview_multi_target_il7ra_rank21,IL-7Ra,7.413782324628686,38.56716140389358,0.8989925384521484,0.89924,95
-52.3680419921875,-52.3680419921875,B,1,mythos_preview_multi_target_il7ra_rank22,IL-7Ra,5.20823909182708,6191.001484832894,0.8908644318580627,0.94546,67
-59.487548828125,-59.487548828125,B,1,mythos_preview_multi_target_il7ra_rank23,IL-7Ra,6.493351348001713,321.106171077715,0.892663300037384,0.94747,88
-50.4849853515625,-50.4849853515625,B,1,mythos_preview_multi_target_il7ra_rank24,IL-7Ra,7.2304983233792015,58.81683847992052,0.8871191740036011,0.89346,88
-61.22515869140625,-61.22515869140625,B,1,mythos_preview_multi_target_il7ra_rank25,IL-7Ra,6.320897230252876,477.6422876878619,0.852581799030304,0.93116,91
-56.381591796875,-56.381591796875,B,1,mythos_preview_multi_target_il7ra_rank26,IL-7Ra,7.1495563987130595,70.86692706740541,0.8683842420578003,0.9093,88
-60.2000732421875,-60.2000732421875,B,1,mythos_preview_multi_target_il7ra_rank28,IL-7Ra,6.473137539627901,336.4050141467358,0.8746185302734375,0.77502,95
-75.102294921875,-75.102294921875,B,1,mythos_preview_multi_target_nipahg_rank01,Nipah-G,7.074822644643603,84.17388172287338,0.9202805161476135,0.87756,90
-74.31158447265625,-74.31158447265625,B,1,mythos_preview_multi_target_nipahg_rank03,Nipah-G,7.219941232155065,60.264112872751845,0.9044649004936218,0.84777,90
-84.275390625,-84.275390625,B,1,mythos_preview_multi_target_nipahg_rank04,Nipah-G,6.679645990008159,209.09998901003533,0.8678930401802063,0.81159,85
-70.22650146484375,-70.22650146484375,B,1,mythos_preview_multi_target_nipahg_rank19,Nipah-G,6.259160657564412,550.6039750574382,0.6369725465774536,0.79146,104
-38.97747802734375,-38.97747802734375,B,1,mythos_preview_multi_target_nipahg_rank24,Nipah-G,6.221971985845172,599.8297670119289,0.6600416898727417,0.62788,84
-59.26275634765625,-59.26275634765625,B,1,mythos_preview_multi_target_pdl1_rank01,PD-L1,6.617016409153607,241.53695716710905,0.9321248531341553,0.97744,75
-64.98568725585938,-64.98568725585938,B,1,mythos_preview_multi_target_pdl1_rank02,PD-L1,7.595705918056631,25.368458708995774,0.934501588344574,0.93866,75
-65.05410766601562,-65.05410766601562,B,1,mythos_preview_multi_target_pdl1_rank03,PD-L1,7.331191367019324,46.64537973607225,0.9348682165145874,0.91768,75
-57.96124267578125,-57.96124267578125,B,1,mythos_preview_multi_target_pdl1_rank11,PD-L1,7.167914115078188,67.93379634033597,0.9264577627182007,0.9586,75
-49.224609375,-49.224609375,B,1,mythos_preview_multi_target_pdl1_rank12,PD-L1,6.17439782051363,669.2712656336886,0.9177991151809692,0.94919,75
-51.2589111328125,-51.2589111328125,B,1,mythos_preview_multi_target_pdl1_rank13,PD-L1,6.267893157285375,539.6433662476423,0.9239451885223389,0.85289,75
-62.4798583984375,-62.4798583984375,B,1,mythos_preview_multi_target_pdl1_rank18,PD-L1,6.923959952339948,119.13518612643217,0.9113473892211914,0.85478,64
-72.90988159179688,-72.90988159179688,B,1,mythos_preview_multi_target_pdl1_rank23,PD-L1,6.857613005144727,138.79921018935087,0.9049050211906433,0.85417,64
-77.46356201171875,-77.46356201171875,B,1,mythos_preview_multi_target_pdl1_rank27,PD-L1,6.970738138094333,106.9699670197945,0.8911265730857849,0.9227,64
-66.29852294921875,-66.29852294921875,B,1,mythos_preview_multi_target_pdl1_rank28,PD-L1,5.5819868377997555,2618.2623589192094,0.8530593514442444,0.77619,64
-54.71875,-54.71875,B,1,mythos_preview_multi_target_rbx1_rank01,RBX1,5.4076542845912,3911.521443121589,0.8493136763572693,0.50175,80
-67.765625,-67.765625,B,1,mythos_preview_multi_target_rbx1_rank02,RBX1,6.682987265001253,207.4974361903945,0.8448768258094788,0.56052,80
-62.65625,-62.65625,B,1,mythos_preview_multi_target_rbx1_rank03,RBX1,7.397865564198489,40.006857177095746,0.8350471258163452,0.55424,96
-54.7696533203125,-54.7696533203125,B,1,mythos_preview_multi_target_rbx1_rank04,RBX1,7.749803311243044,17.790849620244725,0.8426674008369446,0.68604,96
-97.26953125,-97.26953125,B,1,mythos_preview_multi_target_rbx1_rank05,RBX1,5.638755206196178,2297.4432567853837,0.8304645419120789,0.5146,96
-47.21728515625,-47.21728515625,B,1,mythos_preview_multi_target_rbx1_rank06,RBX1,5.568528132613467,2700.672159229102,0.84572833776474,0.24722,96
-43.81640625,-43.81640625,B,1,mythos_preview_multi_target_rbx1_rank07,RBX1,7.405941221426557,39.269808060866566,0.8212282061576843,0.66071,92
-44.0516357421875,-44.0516357421875,B,1,mythos_preview_multi_target_rbx1_rank09,RBX1,6.57654327054951,265.1286921203894,0.8271331787109375,0.6367,92
-49.628204345703125,-49.628204345703125,B,1,mythos_preview_multi_target_rbx1_rank10,RBX1,7.239922900420309,57.55421033040641,0.8452513217926025,0.38757,80
-39.6796875,-39.6796875,B,1,mythos_preview_multi_target_rbx1_rank13,RBX1,6.226415332313406,593.7240861230065,0.8148782849311829,0.24906,80
-41.9306640625,-41.9306640625,B,1,mythos_preview_multi_target_rbx1_rank16,RBX1,5.8082983253535385,1554.897175466545,0.8304954171180725,0.68938,86
-87.66201782226562,-87.66201782226562,B,1,mythos_preview_multi_target_trem2_rank01,TREM2,10.515051424471599,0.03054559403799367,0.8956396579742432,0.68579,69
-79.0400390625,-79.0400390625,B,1,mythos_preview_multi_target_trem2_rank02,TREM2,8.846794766225852,1.4230010933614803,0.8817132115364075,0.66131,69
-68.103515625,-68.103515625,B,1,mythos_preview_multi_target_trem2_rank03,TREM2,9.722675948914993,0.189375612758178,0.873081386089325,0.25851,87
-81.40625,-81.40625,B,1,mythos_preview_multi_target_trem2_rank04,TREM2,9.273569213183869,0.5326363317082397,0.850793182849884,0.64998,120
-77.390625,-77.390625,B,1,mythos_preview_multi_target_trem2_rank05,TREM2,10.334921535876505,0.046246456747378546,0.8556628823280334,0.66335,120
-82.171875,-82.171875,B,1,mythos_preview_multi_target_trem2_rank07,TREM2,10.1354862762647,0.0732004454225099,0.8692196607589722,0.2835,87
-64.375,-64.375,B,1,mythos_preview_multi_target_trem2_rank08,TREM2,9.481501336214718,0.3299883926181155,0.8803704977035522,0.26015,91
-71.125,-71.125,B,1,mythos_preview_multi_target_trem2_rank09,TREM2,7.875032420976232,13.334218857616488,0.8352620601654053,0.22632,59
-58.84375,-58.84375,B,1,mythos_preview_multi_target_trem2_rank10,TREM2,9.623886488274072,0.23774616035337331,0.8727195858955383,0.2405,91
-76.42559814453125,-76.42559814453125,B,1,mythos_preview_multi_target_trem2_rank11,TREM2,9.291623893435112,0.5109472976637949,0.8737355470657349,0.29222,71
-81.75,-81.75,B,1,mythos_preview_multi_target_trem2_rank12,TREM2,9.223463853957497,0.5977727948527048,0.8369799256324768,0.57995,115
-69.78125,-69.78125,B,1,mythos_preview_multi_target_trem2_rank13,TREM2,9.40861842871663,0.39028474039184574,0.8586294651031494,0.44001,65
-74.890625,-74.890625,B,1,mythos_preview_multi_target_trem2_rank14,TREM2,8.377997928981062,4.18795562222438,0.8810430765151978,0.69257,71
-62.796875,-62.796875,B,1,mythos_preview_multi_target_trem2_rank15,TREM2,9.560801481179002,0.2749150520445342,0.8836964964866638,0.8945,91
-62.193359375,-62.193359375,B,1,mythos_preview_multi_target_trem2_rank16,TREM2,9.30715308072277,0.49299999999999994,0.8458817005157471,0.8145,120
-62.57745361328125,-62.57745361328125,B,1,mythos_preview_multi_target_trem2_rank17,TREM2,8.452902791597547,3.5244975126003464,0.8670374751091003,0.95036,65
-79.1614990234375,-79.1614990234375,B,1,mythos_preview_multi_target_trem2_rank18,TREM2,9.730342569574681,0.186061890967177,0.8596753478050232,0.597,112
-82.0819091796875,-82.0819091796875,B,1,mythos_preview_multi_target_trem2_rank19,TREM2,9.627317568630383,0.2358752814442915,0.8387982249259949,0.30264,87
-64.716796875,-64.716796875,B,1,mythos_preview_multi_target_trem2_rank20,TREM2,7.937189594456195,11.556076430251546,0.849288284778595,,93
-90.75,-90.75,B,1,mythos_preview_multi_target_trem2_rank21,TREM2,9.352325930934366,0.4442977041281351,0.8337089419364929,0.57746,115
-71.66015625,-71.66015625,B,1,mythos_preview_multi_target_trem2_rank22,TREM2,8.86932977144497,1.3510462879320102,0.8616150617599487,0.69884,118
-69.5,-69.5,B,1,mythos_preview_multi_target_trem2_rank23,TREM2,7.12336316779933,75.27258524842559,0.791503369808197,0.56965,118
-63.3515625,-63.3515625,B,1,mythos_preview_multi_target_trem2_rank24,TREM2,6.409795653767126,389.2282433742417,0.8018409609794617,0.93769,88
-68.703125,-68.703125,B,1,mythos_preview_multi_target_trem2_rank25,TREM2,6.410054123090802,388.99666403357554,0.8395527005195618,0.55761,71
-62.36875915527344,-62.36875915527344,B,1,mythos_preview_multi_target_trka_rank01,TrkA,7.843578774210449,14.335776639582352,0.9217212200164795,0.94224,85
-60.217864990234375,-60.217864990234375,B,1,mythos_preview_multi_target_trka_rank02,TrkA,6.9857505665001165,103.33547342369745,0.918282151222229,0.93552,85
-57.4404296875,-57.4404296875,B,1,mythos_preview_multi_target_trka_rank06,TrkA,6.50869373592081,309.9604366892148,0.9283351302146912,0.90149,73
-64.37937927246094,-64.37937927246094,B,1,mythos_preview_multi_target_trka_rank07,TrkA,7.008012387859534,98.17199399421833,0.8989558219909668,0.93186,75
-61.48577880859375,-61.48577880859375,B,1,mythos_preview_multi_target_trka_rank08,TrkA,7.754726103675246,17.590326326067125,0.912341833114624,0.93727,75
-50.6002197265625,-50.6002197265625,B,1,mythos_preview_multi_target_trka_rank12,TrkA,6.964619406509145,108.48772285211089,0.9157006144523621,0.89361,75
-50.959381103515625,-50.959381103515625,B,1,mythos_preview_multi_target_trka_rank13,TrkA,6.491214886636248,322.6897074859178,0.8946695923805237,0.95901,73
-59.02923583984375,-59.02923583984375,B,1,mythos_preview_multi_target_trka_rank16,TrkA,6.400881360887164,397.30006774904587,0.8980019688606262,0.86197,73
-47.32623291015625,-47.32623291015625,B,1,mythos_preview_multi_target_trka_rank17,TrkA,6.96740165960841,107.79493137989603,0.9023264646530151,0.93039,85
-41.810211181640625,-41.810211181640625,B,1,mythos_preview_multi_target_trka_rank20,TrkA,6.033038796208586,926.7470319126642,0.8881432414054871,0.92879,85
-41.590362548828125,-41.590362548828125,B,2,mythos_preview_multi_target_vegfa_rank01,VEGF-A,6.345470003277943,451.3672001991153,0.8360676765441895,0.86342,90
-288.04827880859375,-288.04827880859375,C,2,mythos_preview_multi_target_vegfa_rank02,VEGF-A,6.9153400643304215,121.5234066844039,0.7764241695404053,0.79492,80
-30.828460693359375,-30.828460693359375,B,2,mythos_preview_multi_target_vegfa_rank04,VEGF-A,5.754337559084069,1760.6070676204924,0.785514235496521,0.86098,80
-29.710540771484375,-29.710540771484375,B,2,mythos_preview_multi_target_vegfa_rank05,VEGF-A,7.2001667818642785,63.071508480841764,0.722223162651062,0.68027,80
-291.6343078613281,-291.6343078613281,C,2,mythos_preview_multi_target_vegfa_rank07,VEGF-A,6.835338949969728,146.1036447185757,0.7403388023376465,0.6275,80
-298.39697265625,-298.39697265625,C,2,mythos_preview_multi_target_vegfa_rank09,VEGF-A,6.336057061773656,461.25696621541493,0.744820237159729,0.81495,80
-40.489105224609375,-40.489105224609375,B,2,mythos_preview_multi_target_vegfa_rank11,VEGF-A,6.432887849705566,369.07289402408816,0.7110785245895386,0.78075,76
-259.2049255371094,-259.2049255371094,C,2,mythos_preview_multi_target_vegfa_rank13,VEGF-A,5.884260192111344,1305.3885766139404,0.7452310919761658,0.78556,76
-33.326171875,-33.326171875,B,2,mythos_preview_multi_target_vegfa_rank14,VEGF-A,6.494629565088268,320.16247965531414,0.7144122123718262,0.77718,76
-34.17572021484375,-34.17572021484375,B,2,mythos_preview_multi_target_vegfa_rank18,VEGF-A,6.286753314727287,516.709784236678,0.5767536759376526,0.77989,82
-35.4305419921875,-35.4305419921875,B,2,mythos_preview_multi_target_vegfa_rank23,VEGF-A,5.915549884055315,1214.6470953209173,0.5956944227218628,0.78032,76
-53.95391845703125,-53.95391845703125,B,2,mythos_preview_multi_target_vegfa_rank26,VEGF-A,5.787364550332159,1631.6817259309976,0.6179235577583313,0.80781,90
-281.4082336425781,-281.4082336425781,C,2,mythos_preview_multi_target_vegfa_rank29,VEGF-A,6.42124652819491,379.0997271097973,0.7778676748275757,0.78408,90
-87.75299072265625,-87.75299072265625,B,1,mythos_preview_single_target_bhrf1_rank19,BHRF1,8.966874319015519,1.0792590050585633,0.9266749620437622,0.85168,109
-69.491455078125,-69.491455078125,B,1,mythos_preview_single_target_bhrf1_rank25,BHRF1,9.03416938015776,0.9243376006633074,0.9332382678985596,0.81744,110
-74.8226318359375,-74.8226318359375,B,1,mythos_preview_single_target_bhrf1_rank26,BHRF1,8.476755026666838,3.3361454230274603,0.930797815322876,0.84022,110
-91.3355712890625,-91.3355712890625,B,1,mythos_preview_single_target_bhrf1_rank27,BHRF1,9.022878745280337,0.9486832980505138,0.928781270980835,0.81899,109
-76.78375244140625,-76.78375244140625,B,1,mythos_preview_single_target_bhrf1_rank29,BHRF1,7.971333345054816,10.682346352579373,0.9255160689353943,0.78449,110
-81.16839599609375,-81.16839599609375,B,1,mythos_preview_single_target_bhrf1_rank30,BHRF1,7.061285086308015,86.83902000069925,0.9357956051826477,0.82741,102
-68.772705078125,-68.772705078125,B,1,mythos_preview_single_target_egfr_rank01,EGFR,7.248095657840983,56.48125553170415,0.7462378740310669,0.96038,84
-62.534759521484375,-62.534759521484375,B,1,mythos_preview_single_target_egfr_rank02,EGFR,7.761706881569363,17.309842584742093,0.7338788509368896,0.91418,84
-64.70941162109375,-64.70941162109375,B,1,mythos_preview_single_target_egfr_rank03,EGFR,6.629114205390804,234.90150247068385,0.7434412240982056,0.96087,84
-94.80078125,-94.80078125,B,1,mythos_preview_single_target_egfr_rank04,EGFR,6.308759191055953,491.18015174526573,0.783705472946167,0.85982,97
-75.831298828125,-75.831298828125,B,1,mythos_preview_single_target_egfr_rank05,EGFR,6.037600740377833,917.0631857199054,0.7575879693031311,0.94345,97
-68.771240234375,-68.771240234375,B,1,mythos_preview_single_target_egfr_rank07,EGFR,6.619788758288394,239.99999999999997,0.75105220079422,,84
-44.521636962890625,-44.521636962890625,B,1,mythos_preview_single_target_egfr_rank24,EGFR,5.767853553072603,1706.6577881033093,0.7095202207565308,0.72679,80
-85.2958984375,-85.2958984375,B,1,mythos_preview_single_target_il7ra_rank03,IL-7Ra,6.887492328057971,129.57095864125637,0.9144744277000427,0.94649,87
-67.0440673828125,-67.0440673828125,B,1,mythos_preview_single_target_il7ra_rank04,IL-7Ra,5.664887462968686,2163.279013138969,0.9140726923942566,0.94671,95
-64.92022705078125,-64.92022705078125,B,1,mythos_preview_single_target_il7ra_rank05,IL-7Ra,5.286684663341024,5167.914699322276,0.9061357378959656,0.97002,95
-80.5875244140625,-80.5875244140625,B,1,mythos_preview_single_target_il7ra_rank06,IL-7Ra,5.414133352186179,3853.6001287280565,0.9103060960769653,0.90497,87
-51.65740966796875,-51.65740966796875,B,1,mythos_preview_single_target_il7ra_rank09,IL-7Ra,7.712150115004513,19.40215121328948,0.901784360408783,0.95972,82
-48.32562255859375,-48.32562255859375,B,1,mythos_preview_single_target_il7ra_rank10,IL-7Ra,7.458948695227252,34.75772195679249,0.9027819633483887,0.9452,82
-64.02566528320312,-64.02566528320312,B,1,mythos_preview_single_target_il7ra_rank11,IL-7Ra,7.533408872537889,29.281352138240635,0.8797130584716797,0.79033,87
-59.479339599609375,-59.479339599609375,B,1,mythos_preview_single_target_il7ra_rank12,IL-7Ra,6.424190723843381,376.53840286283116,0.871350109577179,0.95043,87
-60.554718017578125,-60.554718017578125,B,1,mythos_preview_single_target_il7ra_rank13,IL-7Ra,8.320673366324685,4.778885593918684,0.8683873414993286,0.84726,84
-64.6854248046875,-64.6854248046875,B,1,mythos_preview_single_target_il7ra_rank14,IL-7Ra,8.563235652254825,2.733784946461662,0.8795573115348816,0.83201,84
-62.728240966796875,-62.728240966796875,B,1,mythos_preview_single_target_il7ra_rank15,IL-7Ra,6.097361830918856,799.1681534315541,0.8979328274726868,0.88489,68
-75.11376953125,-75.11376953125,B,1,mythos_preview_single_target_il7ra_rank16,IL-7Ra,5.9627112676346545,1089.654288349339,0.8733066320419312,0.91238,68
-53.629425048828125,-53.629425048828125,B,1,mythos_preview_single_target_il7ra_rank18,IL-7Ra,7.303811994329092,49.680734233493865,0.8817983865737915,0.92919,79
-54.240570068359375,-54.240570068359375,B,1,mythos_preview_single_target_il7ra_rank19,IL-7Ra,6.259527457881553,550.1391373545113,0.8717464208602905,0.92362,79
-53.211761474609375,-53.211761474609375,B,1,mythos_preview_single_target_il7ra_rank20,IL-7Ra,8.439565190348484,3.6344174554671924,0.8873939514160156,0.8505,87
-54.9736328125,-54.9736328125,B,1,mythos_preview_single_target_il7ra_rank22,IL-7Ra,5.556526560532352,2776.345045519851,0.8949550986289978,0.96346,82
-69.53814697265625,-69.53814697265625,B,1,mythos_preview_single_target_il7ra_rank24,IL-7Ra,5.713024675206067,1936.3119458468798,0.8777124881744385,0.76932,82
-47.985443115234375,-47.985443115234375,B,1,mythos_preview_single_target_il7ra_rank25,IL-7Ra,7.336167574848803,46.11396070438004,0.896245002746582,0.85741,87
-42.705078125,-42.705078125,B,1,mythos_preview_single_target_il7ra_rank26,IL-7Ra,6.525898126379197,297.92151899642073,0.8995898365974426,0.96967,87
-47.00262451171875,-47.00262451171875,B,1,mythos_preview_single_target_il7ra_rank29,IL-7Ra,5.714333108821236,1930.4870434309912,0.8420296311378479,0.84532,93
-61.32012939453125,-61.32012939453125,B,1,mythos_preview_single_target_nipahg_rank02,Nipah-G,6.017834247929073,959.7668645632367,0.9109311699867249,0.93915,100
-42.816162109375,-42.816162109375,B,1,mythos_preview_single_target_nipahg_rank03,Nipah-G,5.709479553070811,1952.182642189238,0.8665140867233276,0.91811,89
-49.029815673828125,-49.029815673828125,B,1,mythos_preview_single_target_nipahg_rank04,Nipah-G,5.4967017068032735,3186.385324618772,0.8844459652900696,0.89727,89
-61.24688720703125,-61.24688720703125,B,1,mythos_preview_single_target_nipahg_rank08,Nipah-G,7.330917275730912,46.674827790483015,0.8611741065979004,0.90362,92
-48.06451416015625,-48.06451416015625,B,1,mythos_preview_single_target_nipahg_rank09,Nipah-G,7.104962192270064,78.5303996678519,0.878883421421051,0.95301,110
-58.1654052734375,-58.1654052734375,B,1,mythos_preview_single_target_nipahg_rank10,Nipah-G,7.103233152066996,78.8436729771452,0.8857470750808716,0.98132,110
-66.8438720703125,-66.8438720703125,B,1,mythos_preview_single_target_nipahg_rank12,Nipah-G,6.529807426820947,295.2518130617737,0.8753929138183594,0.9136,100
-95.657470703125,-95.657470703125,B,1,mythos_preview_single_target_nipahg_rank13,Nipah-G,6.830979808362658,147.5775144840327,0.8478177189826965,0.95025,95
-60.5240478515625,-60.5240478515625,B,1,mythos_preview_single_target_nipahg_rank15,Nipah-G,7.2791730576426845,52.58077008142167,0.8554936647415161,0.89949,92
-76.86639404296875,-76.86639404296875,B,1,mythos_preview_single_target_nipahg_rank16,Nipah-G,6.909344397040102,123.21273644111854,0.8543562889099121,0.94414,79
-66.49945068359375,-66.49945068359375,B,1,mythos_preview_single_target_nipahg_rank18,Nipah-G,7.0501550867638745,89.09327288240273,0.8275349140167236,0.92224,100
-75.48101806640625,-75.48101806640625,B,1,mythos_preview_single_target_nipahg_rank19,Nipah-G,6.595532853507182,253.78569949064848,0.8196960091590881,0.967,79
-55.01177978515625,-55.01177978515625,B,1,mythos_preview_single_target_pdl1_rank01,PD-L1,8.811231130706009,1.544432276829697,0.916384220123291,0.81206,88
-67.19256591796875,-67.19256591796875,B,1,mythos_preview_single_target_pdl1_rank02,PD-L1,8.55716494146476,2.7722670205228663,0.9279664158821106,0.81486,88
-66.291015625,-66.291015625,B,1,mythos_preview_single_target_pdl1_rank03,PD-L1,9.195917186503117,0.6369169599183535,0.9269670844078064,0.91729,100
-61.2496337890625,-61.2496337890625,B,1,mythos_preview_single_target_pdl1_rank04,PD-L1,7.767636560105091,17.07510723809891,0.9040952920913696,0.82721,88
-64.6903076171875,-64.6903076171875,B,1,mythos_preview_single_target_pdl1_rank05,PD-L1,7.126713720763136,74.69409664314689,0.940390944480896,0.77029,88
-58.15423583984375,-58.15423583984375,B,1,mythos_preview_single_target_pdl1_rank06,PD-L1,7.872037528954312,13.42648932982454,0.8849839568138123,0.9752,72
-57.07757568359375,-57.07757568359375,B,1,mythos_preview_single_target_pdl1_rank07,PD-L1,8.142987821566969,7.1946915298729435,0.9296293258666992,0.91766,97
-50.71929931640625,-50.71929931640625,B,1,mythos_preview_single_target_pdl1_rank08,PD-L1,6.904155060263911,124.69382286133371,0.9355360865592957,0.86044,82
-65.94390869140625,-65.94390869140625,B,1,mythos_preview_single_target_pdl1_rank09,PD-L1,8.053867065425692,8.83350246517328,0.9258295893669128,0.88127,88
-54.3038330078125,-54.3038330078125,B,1,mythos_preview_single_target_pdl1_rank10,PD-L1,6.09963241870769,795.0008285753,0.9228945374488831,0.99671,70
-57.151153564453125,-57.151153564453125,B,1,mythos_preview_single_target_pdl1_rank11,PD-L1,5.731329949917392,1856.3935469221701,0.9260903596878052,0.75082,97
-70.41375732421875,-70.41375732421875,B,1,mythos_preview_single_target_pdl1_rank12,PD-L1,6.279609130644561,525.2800048019334,0.9426038265228271,0.88659,85
-58.498291015625,-58.498291015625,B,1,mythos_preview_single_target_pdl1_rank13,PD-L1,6.8041568512788935,156.9795749143801,0.9270210266113281,0.91039,82
-54.85797119140625,-54.85797119140625,B,1,mythos_preview_single_target_pdl1_rank15,PD-L1,6.278345204296327,526.8109528094494,0.9201363325119019,0.91854,97
-65.808349609375,-65.808349609375,B,1,mythos_preview_single_target_pdl1_rank16,PD-L1,6.399551413949956,398.51859089938296,0.928843080997467,0.94475,100
-50.77703857421875,-50.77703857421875,B,1,mythos_preview_single_target_pdl1_rank17,PD-L1,6.641937455934515,228.06704946261257,0.9245960116386414,0.93712,97
-52.11988830566406,-52.11988830566406,B,1,mythos_preview_single_target_pdl1_rank18,PD-L1,6.071999440973731,847.2285046971302,0.9235753417015076,0.98404,70
-60.68017578125,-60.68017578125,B,1,mythos_preview_single_target_pdl1_rank19,PD-L1,6.4402086000277246,362.90370324337476,0.9164171814918518,0.9202,97
-54.74078369140625,-54.74078369140625,B,1,mythos_preview_single_target_pdl1_rank21,PD-L1,7.010417288240157,97.62987016578644,0.9377387762069702,0.85647,85
-55.203155517578125,-55.203155517578125,B,1,mythos_preview_single_target_pdl1_rank22,PD-L1,6.14960832817709,708.5845387309873,0.9199485182762146,0.95972,70
-51.2298583984375,-51.2298583984375,B,1,mythos_preview_single_target_pdl1_rank23,PD-L1,6.38053281011871,416.3582647651892,0.9220438599586487,0.9625,70
-53.39772033691406,-53.39772033691406,B,1,mythos_preview_single_target_pdl1_rank24,PD-L1,5.995036975890379,1011.4933319159096,0.9221954941749573,0.97416,70
-53.01536560058594,-53.01536560058594,B,1,mythos_preview_single_target_pdl1_rank25,PD-L1,6.434935164127013,367.3371362079414,0.9222187399864197,0.97872,70
-72.38568115234375,-72.38568115234375,B,1,mythos_preview_single_target_pdl1_rank26,PD-L1,5.971340981570611,1068.2158518764195,0.9196588397026062,0.83296,104
-69.92251586914062,-69.92251586914062,B,1,mythos_preview_single_target_pdl1_rank27,PD-L1,7.7263512382882,18.777975224164678,0.8899965286254883,0.93813,72
-54.4014892578125,-54.4014892578125,B,1,mythos_preview_single_target_pdl1_rank29,PD-L1,7.045927854794731,89.96470189067664,0.9049124121665955,0.76209,89
-54.7152099609375,-54.7152099609375,B,1,mythos_preview_single_target_pdl1_rank30,PD-L1,7.795546280161555,16.012300057618322,0.9099647402763367,0.88498,95
-89.65625,-89.65625,B,1,mythos_preview_single_target_rbx1_rank01,RBX1,8.155031277891405,6.997915951921357,0.8686097860336304,0.70608,85
-82.2589111328125,-82.2589111328125,B,1,mythos_preview_single_target_rbx1_rank02,RBX1,7.079263007580163,83.31764623619509,0.8484030961990356,0.61801,85
-52.5859375,-52.5859375,B,1,mythos_preview_single_target_rbx1_rank03,RBX1,7.96420821047765,10.859048917353592,0.8365415334701538,0.85895,81
-48.69921875,-48.69921875,B,1,mythos_preview_single_target_rbx1_rank04,RBX1,7.035984786150136,92.04818167561807,0.8366060853004456,0.66344,81
-51.59765625,-51.59765625,B,1,mythos_preview_single_target_rbx1_rank06,RBX1,6.149786627672848,708.2936892261318,0.835960328578949,0.7102,66
-98.802490234375,-98.802490234375,B,1,mythos_preview_single_target_rbx1_rank07,RBX1,5.324875990832918,4732.86382647969,0.8492996096611023,0.60302,85
-66.1357421875,-66.1357421875,B,1,mythos_preview_single_target_rbx1_rank09,RBX1,6.452115886537726,353.08893945705967,0.8533060550689697,0.532,60
-49.908203125,-49.908203125,B,1,mythos_preview_single_target_rbx1_rank11,RBX1,6.699247928919867,199.87205194347737,0.8343695998191833,0.47267,78
-44.4202880859375,-44.4202880859375,B,1,mythos_preview_single_target_rbx1_rank12,RBX1,5.96716884970966,1078.5273191795002,0.8294550776481628,0.70653,75
-38.93017578125,-38.93017578125,B,1,mythos_preview_single_target_rbx1_rank13,RBX1,6.254780852182258,556.1848409572742,0.826601505279541,0.83132,75
-47.367431640625,-47.367431640625,B,1,mythos_preview_single_target_rbx1_rank14,RBX1,7.121591745249295,75.58023792807319,0.837302565574646,0.73439,78
-58.09375,-58.09375,B,1,mythos_preview_single_target_rbx1_rank18,RBX1,6.874985275154533,133.35666462535724,0.8264409303665161,0.86326,90
-74.2578125,-74.2578125,B,1,mythos_preview_single_target_trem2_rank01,TREM2,7.532233777105036,29.36068765130813,0.8880540132522583,0.91302,67
-84.1015625,-84.1015625,B,1,mythos_preview_single_target_trem2_rank02,TREM2,8.960192337775164,1.0959927018699267,0.8758639693260193,0.68251,76
-79.15625,-79.15625,B,1,mythos_preview_single_target_trem2_rank03,TREM2,8.984703500318558,1.0358491158316696,0.8744322657585144,0.65157,76
-57.84375,-57.84375,B,1,mythos_preview_single_target_trem2_rank04,TREM2,9.447315723070707,0.35701320260322295,0.8806104063987732,0.88167,93
-54.644439697265625,-54.644439697265625,B,1,mythos_preview_single_target_trem2_rank05,TREM2,9.724425775257728,0.18861413000631544,0.883316159248352,0.77391,76
-70.640625,-70.640625,B,1,mythos_preview_single_target_trem2_rank06,TREM2,8.926487908358318,1.184437343682753,0.8738587498664856,0.71568,70
-62.234375,-62.234375,B,1,mythos_preview_single_target_trem2_rank07,TREM2,9.669273726056094,0.2141540410853361,0.8831825256347656,0.70338,76
-68.859375,-68.859375,B,1,mythos_preview_single_target_trem2_rank08,TREM2,9.255469872361877,0.5553031379675343,0.8769882321357727,0.68675,76
-75.953125,-75.953125,B,1,mythos_preview_single_target_trem2_rank09,TREM2,9.724879271264063,0.1884172794474907,0.8811531066894531,0.58701,76
-72.203125,-72.203125,B,1,mythos_preview_single_target_trem2_rank10,TREM2,6.826813731587726,149.0,0.861431896686554,0.65393,63
-62.53125,-62.53125,B,1,mythos_preview_single_target_trem2_rank11,TREM2,8.97469413473523,1.06,0.8679149150848389,0.74088,78
-58.03125,-58.03125,B,1,mythos_preview_single_target_trem2_rank12,TREM2,9.722108203737882,0.18962334189930077,0.862356960773468,0.72434,70
-50.61944580078125,-50.61944580078125,B,1,mythos_preview_single_target_trem2_rank13,TREM2,6.893905298218656,127.67171780160179,0.8663316965103149,0.85279,67
-60.890625,-60.890625,B,1,mythos_preview_single_target_trem2_rank14,TREM2,9.734376882649407,0.18434150012606504,0.8673569560050964,0.77311,70
-81.962158203125,-81.962158203125,B,1,mythos_preview_single_target_trem2_rank15,TREM2,9.92877783321355,0.11782085413067522,0.8701088428497314,0.80364,70
-56.6875,-56.6875,B,1,mythos_preview_single_target_trem2_rank16,TREM2,8.102893889608435,7.890528819436641,0.8597128987312317,0.7568,78
-65.9375,-65.9375,B,1,mythos_preview_single_target_trem2_rank17,TREM2,8.091507296356532,8.100143329349871,0.8609968423843384,0.88225,93
-68.9140625,-68.9140625,B,1,mythos_preview_single_target_trem2_rank18,TREM2,6.471709052310192,337.51334386282576,0.8588610887527466,0.74487,63
-72.203125,-72.203125,B,1,mythos_preview_single_target_trem2_rank19,TREM2,10.176966157888469,0.06653249991942636,0.8712864518165588,0.73363,70
-75.5869140625,-75.5869140625,B,1,mythos_preview_single_target_trem2_rank20,TREM2,9.44072869864956,0.3624693603017792,0.8356521725654602,0.87412,70
-60.703125,-60.703125,B,1,mythos_preview_single_target_trem2_rank21,TREM2,8.19285541957858,6.414230763825447,0.8681632876396179,0.62202,60
-78.15625,-78.15625,B,1,mythos_preview_single_target_trem2_rank22,TREM2,9.133278807084732,0.7357346211192938,0.8539382815361023,0.71153,70
-69.6875,-69.6875,B,1,mythos_preview_single_target_trem2_rank23,TREM2,7.954359339177738,11.108122508510764,0.8306012749671936,0.6419,78
-53.609375,-53.609375,B,1,mythos_preview_single_target_trem2_rank24,TREM2,8.29176853033853,5.107771607329797,0.8235004544258118,0.71622,70
-56.90625,-56.90625,B,1,mythos_preview_single_target_trem2_rank25,TREM2,6.309803919971486,489.99999999999983,0.825432538986206,0.8872,62
-54.0660400390625,-54.0660400390625,B,1,mythos_preview_single_target_trka_rank02,TrkA,5.803794091418155,1571.1075244660294,0.914924681186676,0.90513,102
-52.60040283203125,-52.60040283203125,B,1,mythos_preview_single_target_trka_rank03,TrkA,7.963721374253824,10.871228539191595,0.9142546653747559,0.935,102
-64.1162109375,-64.1162109375,B,1,mythos_preview_single_target_trka_rank04,TrkA,6.702608627207284,198.33135216937117,0.8994055986404419,0.95874,100
-61.28770446777344,-61.28770446777344,B,1,mythos_preview_single_target_trka_rank06,TrkA,6.267767634399652,539.7993603607596,0.9009974002838135,0.92005,100
-61.397796630859375,-61.397796630859375,B,1,mythos_preview_single_target_trka_rank08,TrkA,6.601019138437209,250.59988165430968,0.9065238833427429,0.84807,107
-70.50564575195312,-70.50564575195312,B,1,mythos_preview_single_target_trka_rank10,TrkA,6.483107960380722,328.76989247885246,0.9086398482322693,0.84519,107
-54.05426025390625,-54.05426025390625,B,1,mythos_preview_single_target_trka_rank15,TrkA,7.660125614653294,21.871289307203092,0.9016758799552917,0.96199,95
-90.568603515625,-90.568603515625,B,1,mythos_preview_single_target_trka_rank19,TrkA,6.9544589699147465,111.05574505844665,0.9063987731933594,0.86443,66
-306.92926025390625,-306.92926025390625,C,2,mythos_preview_single_target_vegfa_rank01,VEGF-A,7.4851457158485175,32.723088292409955,0.854275643825531,0.80179,96
-296.40338134765625,-296.40338134765625,C,2,mythos_preview_single_target_vegfa_rank02,VEGF-A,7.172350704525835,67.24334288200392,0.8381612300872803,0.77118,96
-291.33795166015625,-291.33795166015625,C,2,mythos_preview_single_target_vegfa_rank05,VEGF-A,7.1405267870929805,72.35577721781492,0.8112944960594177,0.66258,84
-306.11651611328125,-306.11651611328125,C,2,mythos_preview_single_target_vegfa_rank07,VEGF-A,8.760757790684595,1.7347712230389258,0.8202615976333618,0.71036,98
-298.65948486328125,-298.65948486328125,C,2,mythos_preview_single_target_vegfa_rank08,VEGF-A,7.2194196412107035,60.33653400674785,0.72133868932724,0.70011,96
-310.8119201660156,-310.8119201660156,C,2,mythos_preview_single_target_vegfa_rank09,VEGF-A,8.662833742020538,2.173533098391261,0.8837262392044067,0.7573,86
-270.90716552734375,-270.90716552734375,C,2,mythos_preview_single_target_vegfa_rank11,VEGF-A,6.627637689675993,235.7014804342017,0.7088856101036072,0.74842,98
-300.9480895996094,-300.9480895996094,C,2,mythos_preview_single_target_vegfa_rank14,VEGF-A,5.75709751593126,1749.4538243803806,0.7993004322052002,0.72106,90
-300.1413269042969,-300.1413269042969,C,2,mythos_preview_single_target_vegfa_rank15,VEGF-A,8.143943457859324,7.178877492119608,0.80279940366745,0.70157,98
-281.9721374511719,-281.9721374511719,C,2,mythos_preview_single_target_vegfa_rank16,VEGF-A,6.046940886849906,897.5509545920944,0.8649358153343201,0.79083,78
-280.85009765625,-280.85009765625,C,2,mythos_preview_single_target_vegfa_rank17,VEGF-A,6.111834095377718,772.975812813806,0.764621913433075,0.84321,84
-272.94659423828125,-272.94659423828125,C,2,mythos_preview_single_target_vegfa_rank19,VEGF-A,6.574124249420106,266.60957990895594,0.8352558612823486,0.69909,89
-303.33734130859375,-303.33734130859375,C,2,mythos_preview_single_target_vegfa_rank20,VEGF-A,7.492528837686434,32.17148902968764,0.7682200074195862,0.68528,64
-280.29034423828125,-280.29034423828125,C,2,mythos_preview_single_target_vegfa_rank21,VEGF-A,6.674156656376803,211.75971491773214,0.7993530631065369,0.82682,78
-291.43621826171875,-291.43621826171875,C,2,mythos_preview_single_target_vegfa_rank22,VEGF-A,7.471623470450797,33.75798606318921,0.6957650780677795,0.70494,83
-286.5328063964844,-286.5328063964844,C,2,mythos_preview_single_target_vegfa_rank23,VEGF-A,6.286051021580026,517.5460262800659,0.801317572593689,0.81692,77
-269.3919982910156,-269.3919982910156,C,2,mythos_preview_single_target_vegfa_rank24,VEGF-A,6.584279112021441,260.44791674758596,0.7450453639030457,0.75437,64
-286.8052673339844,-286.8052673339844,C,2,mythos_preview_single_target_vegfa_rank25,VEGF-A,6.1080142146973,779.8045866724603,0.738909125328064,0.93932,92
-290.027587890625,-290.027587890625,C,2,mythos_preview_single_target_vegfa_rank26,VEGF-A,7.768182548837181,17.053654148686554,0.5666792988777161,0.78781,83
-290.29107666015625,-290.29107666015625,C,2,mythos_preview_single_target_vegfa_rank27,VEGF-A,7.519428909694512,30.239255208375333,0.8089519143104553,0.88284,98
-295.6829833984375,-295.6829833984375,C,2,mythos_preview_single_target_vegfa_rank30,VEGF-A,6.5994873781808865,251.48531006377584,0.5903932452201843,0.8551,70
-78.878173828125,-78.878173828125,B,1,opus_4_8_multi_target_bhrf1_rank01,BHRF1,8.3759542304184,4.207709704087887,0.9078555107116699,,71
-82.11590576171875,-82.11590576171875,B,1,opus_4_8_multi_target_bhrf1_rank02,BHRF1,7.887021564089647,12.971148635442965,0.907164454460144,,71
-71.3463134765625,-71.3463134765625,B,1,opus_4_8_multi_target_bhrf1_rank03,BHRF1,6.562440704306057,273.8793545480593,0.9068390130996704,,72
-67.725341796875,-67.725341796875,B,1,opus_4_8_multi_target_bhrf1_rank05,BHRF1,7.606950070377511,24.72008328566815,0.9095800518989563,,72
-113.54159545898438,-113.54159545898438,B,1,opus_4_8_multi_target_bhrf1_rank10,BHRF1,8.94595438220939,1.13251931550857,0.8849867582321167,,64
-65.73175048828125,-65.73175048828125,B,1,opus_4_8_multi_target_bhrf1_rank11,BHRF1,8.387369399038802,4.098553429108591,0.8863226175308228,,66
-70.38238525390625,-70.38238525390625,B,1,opus_4_8_multi_target_bhrf1_rank12,BHRF1,8.20016718182465,6.307145039561772,0.881842315196991,,66
-97.62258911132812,-97.62258911132812,B,1,opus_4_8_multi_target_bhrf1_rank22,BHRF1,6.62069304243705,239.50079401338996,0.8720211386680603,,65
-61.60467529296875,-61.60467529296875,B,1,opus_4_8_multi_target_bhrf1_rank28,BHRF1,5.741416735729128,1813.7743849291617,0.6951925754547119,0.34031,66
-64.60302734375,-64.60302734375,B,1,opus_4_8_multi_target_egfr_rank17,EGFR,6.267919673828682,539.6104184657742,0.5630806088447571,0.41749,97
-41.435546875,-41.435546875,B,1,opus_4_8_multi_target_il7ra_rank01,IL-7Ra,5.944504661788803,1136.306100304217,0.9117987751960754,0.97224,90
-75.09405517578125,-75.09405517578125,B,1,opus_4_8_multi_target_il7ra_rank02,IL-7Ra,6.745890801057251,179.51849511384282,0.8710817694664001,,75
-52.63433837890625,-52.63433837890625,B,1,opus_4_8_multi_target_il7ra_rank04,IL-7Ra,7.384971841470495,41.21242392994753,0.8830232620239258,0.82438,75
-50.707275390625,-50.707275390625,B,1,opus_4_8_multi_target_il7ra_rank06,IL-7Ra,6.4443789888880065,359.43553533971823,0.8756399750709534,0.89429,75
-61.268280029296875,-61.268280029296875,B,1,opus_4_8_multi_target_il7ra_rank07,IL-7Ra,6.86194812189266,137.42061192918032,0.8759216666221619,0.79299,75
-59.3643798828125,-59.3643798828125,B,1,opus_4_8_multi_target_il7ra_rank08,IL-7Ra,7.164972791001991,68.39544963950128,0.8684920072555542,,75
-73.12258911132812,-73.12258911132812,B,1,opus_4_8_multi_target_il7ra_rank09,IL-7Ra,6.037232900751008,917.8402508026142,0.7918258309364319,0.79921,75
-49.5166015625,-49.5166015625,B,1,opus_4_8_multi_target_il7ra_rank10,IL-7Ra,7.364753239446704,43.17643300997852,0.876549482345581,0.86466,75
-48.998992919921875,-48.998992919921875,B,1,opus_4_8_multi_target_il7ra_rank11,IL-7Ra,6.834204412773492,146.48582024264232,0.8701758980751038,0.78388,76
-39.3802490234375,-39.3802490234375,B,1,opus_4_8_multi_target_il7ra_rank15,IL-7Ra,7.084135686688062,82.38806696409651,0.8418503999710083,0.92791,76
-41.57049560546875,-41.57049560546875,B,1,opus_4_8_multi_target_il7ra_rank17,IL-7Ra,5.918587725776192,1206.1804198898803,0.8453132510185242,0.95813,60
-65.0870361328125,-65.0870361328125,B,1,opus_4_8_multi_target_nipahg_rank15,Nipah-G,6.577943966470892,264.2749708096872,0.8493341207504272,,80
-49.592254638671875,-49.592254638671875,B,1,opus_4_8_multi_target_nipahg_rank21,Nipah-G,6.259466278254752,550.2166416270735,0.5974764823913574,,79
-52.39056396484375,-52.39056396484375,B,1,opus_4_8_multi_target_pdl1_rank02,PD-L1,6.567914625588593,270.44899654882227,0.9081471562385559,0.93886,71
-46.131103515625,-46.131103515625,B,1,opus_4_8_multi_target_pdl1_rank26,PD-L1,5.830685624542437,1476.7751489018412,0.26590418815612793,0.92656,88
-90.53515625,-90.53515625,B,1,opus_4_8_multi_target_rbx1_rank01,RBX1,7.532407936007922,29.34891591526834,0.8315987586975098,0.70587,83
-56.187713623046875,-56.187713623046875,B,1,opus_4_8_multi_target_rbx1_rank02,RBX1,6.212665191371563,612.8226501836485,0.8589574098587036,0.91425,69
-67.62698364257812,-67.62698364257812,B,1,opus_4_8_multi_target_rbx1_rank03,RBX1,7.511773434298023,30.7770199253259,0.8297657370567322,0.78838,83
-54.6640625,-54.6640625,B,1,opus_4_8_multi_target_rbx1_rank05,RBX1,6.572466451978205,267.62923212356327,0.8498499393463135,0.91409,69
-69.779296875,-69.779296875,B,1,opus_4_8_multi_target_rbx1_rank18,RBX1,5.823330452344347,1501.998668441487,0.30176079273223877,0.03876,80
-70.0,-70.0,B,1,opus_4_8_multi_target_trem2_rank01,TREM2,10.096424050363451,0.08008956772976861,0.8828060030937195,0.95858,71
-68.125,-68.125,B,1,opus_4_8_multi_target_trem2_rank02,TREM2,9.235110988843346,0.5819544737487288,0.8637928366661072,0.8585,71
-66.6171875,-66.6171875,B,1,opus_4_8_multi_target_trem2_rank03,TREM2,10.122921300665938,0.0753492093106922,0.8801122307777405,0.94439,71
-66.015625,-66.015625,B,1,opus_4_8_multi_target_trem2_rank04,TREM2,9.268508771729975,0.5388789611721972,0.8496543169021606,0.78493,71
-72.13671875,-72.13671875,B,1,opus_4_8_multi_target_trem2_rank05,TREM2,8.973887789259662,1.0619699079937337,0.8654093146324158,,71
-40.96875,-40.96875,B,1,opus_4_8_multi_target_trem2_rank06,TREM2,7.4199383717171,38.02433506837099,0.82691890001297,0.68617,85
-57.671875,-57.671875,B,1,opus_4_8_multi_target_trem2_rank07,TREM2,7.898576391041229,12.630589161533935,0.8482183814048767,,71
-60.119140625,-60.119140625,B,1,opus_4_8_multi_target_trem2_rank08,TREM2,8.620361416496438,2.3968374593044794,0.8544403910636902,,71
-66.796875,-66.796875,B,1,opus_4_8_multi_target_trem2_rank09,TREM2,6.135121168268509,732.6201034311171,0.8460250496864319,0.89182,71
-47.90625,-47.90625,B,1,opus_4_8_multi_target_trem2_rank10,TREM2,7.415083574789731,38.45177790677316,0.8216851353645325,,85
-58.421875,-58.421875,B,1,opus_4_8_multi_target_trem2_rank11,TREM2,8.398716082021128,3.9928584830575207,0.8283547163009644,,71
-64.171875,-64.171875,B,1,opus_4_8_multi_target_trem2_rank12,TREM2,8.39637912132152,4.01440216952291,0.8362881541252136,0.86867,87
-55.953125,-55.953125,B,1,opus_4_8_multi_target_trem2_rank13,TREM2,9.22419364554023,0.5967691366460997,0.820489764213562,0.52171,71
-67.4375,-67.4375,B,1,opus_4_8_multi_target_trem2_rank14,TREM2,7.853551717139223,14.010327356650018,0.8269906044006348,,71
-54.984375,-54.984375,B,1,opus_4_8_multi_target_trem2_rank15,TREM2,9.024514500496162,0.9451168357610745,0.76944899559021,,71
-54.0595703125,-54.0595703125,B,1,opus_4_8_multi_target_trem2_rank16,TREM2,7.477580530189505,33.298101270922515,0.8412609100341797,0.85988,56
-68.25,-68.25,B,1,opus_4_8_multi_target_trem2_rank17,TREM2,7.636388020107856,23.099999999999998,0.8201792240142822,0.86212,87
-60.03125,-60.03125,B,1,opus_4_8_multi_target_trem2_rank18,TREM2,9.79317412396815,0.16099999999999998,0.8377429246902466,0.80902,85
-57.328125,-57.328125,B,1,opus_4_8_multi_target_trem2_rank20,TREM2,7.142667503568732,72.0,0.8671108484268188,0.75947,71
-55.5546875,-55.5546875,B,1,opus_4_8_multi_target_trem2_rank21,TREM2,8.63510247041836,2.3168479324832374,0.8391773700714111,,85
-44.15625,-44.15625,B,1,opus_4_8_multi_target_trem2_rank23,TREM2,6.094729475729569,804.0267986679958,0.8200908303260803,0.87911,56
-65.34375,-65.34375,B,1,opus_4_8_multi_target_trem2_rank24,TREM2,8.86163179275862,1.3752074209455074,0.8178548812866211,0.5289,71
-45.046875,-45.046875,B,1,opus_4_8_multi_target_trem2_rank26,TREM2,6.301029995663981,499.99999999999983,0.8279773592948914,0.92506,79
-60.7412109375,-60.7412109375,B,1,opus_4_8_multi_target_trka_rank05,TrkA,6.566201252004113,271.5180762867961,0.8825854659080505,0.97511,75
-73.23065185546875,-73.23065185546875,B,1,opus_4_8_multi_target_trka_rank23,TrkA,6.356472229917719,440.0760867116394,0.8372380137443542,0.93661,83
-279.12548828125,-279.12548828125,C,2,opus_4_8_multi_target_vegfa_rank01,VEGF-A,7.806887632988536,15.599560652341225,0.8547484874725342,,88
-81.21469116210938,-81.21469116210938,B,2,opus_4_8_multi_target_vegfa_rank03,VEGF-A,7.086211072745604,81.99529397208651,0.8354805111885071,,88
-63.280120849609375,-63.280120849609375,B,2,opus_4_8_multi_target_vegfa_rank05,VEGF-A,6.483932619212603,328.14620104581536,0.7227903008460999,,89
-298.357666015625,-298.357666015625,C,2,opus_4_8_multi_target_vegfa_rank06,VEGF-A,8.498501928337266,3.1732045742668022,0.8597258925437927,,88
-233.24017333984375,-233.24017333984375,C,2,opus_4_8_multi_target_vegfa_rank07,VEGF-A,7.315204001628269,48.394499016861836,0.7761055827140808,,89
-301.4184875488281,-301.4184875488281,C,2,opus_4_8_multi_target_vegfa_rank08,VEGF-A,7.730405048693301,18.603512538005653,0.8600925803184509,,88
-68.6739501953125,-68.6739501953125,B,2,opus_4_8_multi_target_vegfa_rank10,VEGF-A,6.794622539749819,160.46394320398326,0.7604466676712036,,85
-68.584228515625,-68.584228515625,B,2,opus_4_8_multi_target_vegfa_rank14,VEGF-A,6.489476595518487,323.9838817182842,0.7924697995185852,0.87082,82
-75.66217041015625,-75.66217041015625,B,2,opus_4_8_multi_target_vegfa_rank15,VEGF-A,7.382287535189252,41.46794031776379,0.7904066443443298,0.79258,80
-52.816314697265625,-52.816314697265625,B,2,opus_4_8_multi_target_vegfa_rank17,VEGF-A,6.168673564634684,678.1510450729645,0.7287116646766663,0.88225,89
-301.7938537597656,-301.7938537597656,C,2,opus_4_8_multi_target_vegfa_rank18,VEGF-A,7.6000138286829655,25.118064500004174,0.8300421237945557,0.93274,58
-89.74270629882812,-89.74270629882812,B,2,opus_4_8_multi_target_vegfa_rank19,VEGF-A,7.098191110830938,79.76436077951402,0.7619317770004272,,80
-54.4423828125,-54.4423828125,B,2,opus_4_8_multi_target_vegfa_rank20,VEGF-A,7.352777499212481,44.38359748445183,0.7083273530006409,0.96417,89
-65.83319091796875,-65.83319091796875,B,2,opus_4_8_multi_target_vegfa_rank21,VEGF-A,7.07299208487477,84.52942507184102,0.7511979937553406,0.86713,58
-285.0975341796875,-285.0975341796875,C,2,opus_4_8_multi_target_vegfa_rank22,VEGF-A,8.01678946386807,9.620785592563564,0.7428610920906067,0.72755,90
-71.27731323242188,-71.27731323242188,B,2,opus_4_8_multi_target_vegfa_rank23,VEGF-A,7.231954078719633,58.620014466617675,0.4526333212852478,0.8756,90
-56.359710693359375,-56.359710693359375,B,2,opus_4_8_multi_target_vegfa_rank24,VEGF-A,6.827282157228777,148.8393767440418,0.779800534248352,0.89438,88
-290.21270751953125,-290.21270751953125,C,2,opus_4_8_multi_target_vegfa_rank25,VEGF-A,7.536856913008692,29.04979600364365,0.6872373223304749,0.81211,59
-70.26741027832031,-70.26741027832031,B,2,opus_4_8_multi_target_vegfa_rank26,VEGF-A,6.760769222321712,173.47255604414772,0.6354032754898071,0.90362,59
-49.435028076171875,-49.435028076171875,B,2,opus_4_8_multi_target_vegfa_rank28,VEGF-A,7.450813836227665,35.414911737757066,0.5325942635536194,0.81835,88
